{"schemaVersion":"1.0","appDefinitionTemplate":{"id":"/providers/Microsoft.PowerApps/apps/","type":"Microsoft.PowerApps/apps","tags":{"primaryDeviceWidth":"640","primaryDeviceHeight":"1136","sienaVersion":"20200906T050426Z-3.20084.9.0","deviceCapabilities":"","supportsPortrait":"true","supportsLandscape":"false","primaryFormFactor":"Phone","publisherVersion":"3.20084.9","minimumRequiredApiVersion":"2.2.0","hasComponent":"false","hasUnlockedComponent":"false","isUnifiedRootApp":"false"},"properties":{"appVersion":"2020-09-06T05:04:26Z","lifeCycleId":"Published","createdByClientVersion":{"major":3,"minor":20084,"build":9,"revision":0,"majorRevision":0,"minorRevision":0},"minClientVersion":{"major":3,"minor":20084,"build":9,"revision":0,"majorRevision":0,"minorRevision":0},"backgroundColor":"rgba(243, 138, 122, 1)","backgroundImageUri":"/6665395250518000743/N4be996fa-d42e-4abe-97ea-56afc8a754ad-logoSmallFile","displayName":"app","description":"nn","commitMessage":"","appUris":{"documentUri":{"value":"/6665395250518000743/N9adc2421-fa1f-486d-864d-fe521f91f3b4-document.msapp","readonlyValue":"/6665395250518000743/N9adc2421-fa1f-486d-864d-fe521f91f3b4-document.msapp"},"imageUris":[]},"createdTime":"0001-01-01T00:00:00Z","lastModifiedTime":"0001-01-01T00:00:00Z","sharedGroupsCount":0,"sharedUsersCount":0,"icons":{"smallIconUri":"/6665395250518000743/Nbcc80bf1-8784-40c9-9ec9-5dfaac43e21c-small.png","mediumIconUri":"/6665395250518000743/Nc5002cc5-ef53-4a85-827e-18881cc07943-medium.png","largeIconUri":"/6665395250518000743/Nbd72075c-fb08-4d9a-9107-f9e3d00890c1-large.png","wideIconUri":"/6665395250518000743/N089880dd-65ae-496c-908b-43625c1023c9-wide.png"},"connectionReferences":{"fc39388f-a49e-4ef4-869a-0353c1e927e4":{"id":"ebf122e5-ccf5-44d5-99d8-b2b528eaa09b","displayName":"Excel","iconUri":"https://connectoricons-prod.azureedge.net/excel/icon_1.0.1352.2014.png","dataSources":["FlooringEstimates"],"dependencies":["401d64b4-9969-4a69-9833-f25df01e6e8d"],"dependents":[],"parameterHints":{"401d64b4-9969-4a69-9833-f25df01e6e8d":{"value":"fileSource"}},"isOnPremiseConnection":false,"dataSets":{"b!GNjTxrwVMUq3DUM8FkV-2bT2vwKLP0BDo1gvXZz03hiJbQvvi5SET4J1bZSIpt_t.01LI4O5IWUVNX7IOZJH5GKMRVGRIFPU3W4":{"dataSources":{"FlooringEstimates":{"tableName":"FlooringEstimates"}}}},"apiTier":"Standard","isCustomApiConnection":false},"401d64b4-9969-4a69-9833-f25df01e6e8d":{"id":"6922c416-32b6-49e7-848c-47613c12bcf9","displayName":"OneDrive for Business","iconUri":"https://connectoricons-prod.azureedge.net/onedriveforbusiness/icon_1.0.1341.1987.png","dataSources":[],"dependencies":[],"dependents":["fc39388f-a49e-4ef4-869a-0353c1e927e4"],"parameterHints":{},"isOnPremiseConnection":false,"dataSets":{},"apiTier":"Standard","isCustomApiConnection":false}},"databaseReferences":{},"almMode":"Environment","performanceOptimizationEnabled":true,"canConsumeAppPass":true},"isAppComponentLibrary":false,"appType":"ClassicCanvasApp","appComponents":[]}}